time,latitude,longitude,depth,mag,magType,nst,gap,dmin,rms,net,id,updated,place,type,horizontalError,depthError,magError,magNst,status,locationSource,magSource
2020-01-22T09:23:58.380Z,35.6598333,-117.54,7.45,1.52,ml,25,66,0.04454,0.17,ci,ci39277848,2020-01-22T09:27:42.698Z,"13km ENE of Ridgecrest, CA",earthquake,0.29,0.82,0.113,22,automatic,ci,ci
2020-01-22T09:21:19.950Z,33.4796667,-116.394,8.92,0.85,ml,27,93,0.05103,0.23,ci,ci39277840,2020-01-22T09:24:54.679Z,"22km SSW of La Quinta, CA",earthquake,0.34,1.16,0.163,20,automatic,ci,ci
2020-01-22T09:18:48.900Z,35.6741667,-117.52,7.63,1.29,ml,23,118,0.06561,0.16,ci,ci39277832,2020-01-22T09:29:30.980Z,"15km SW of Searles Valley, CA",earthquake,0.34,0.82,0.13,15,automatic,ci,ci
2020-01-22T09:14:46.829Z,58.0007,-156.5824,7.9,1.8,ml,,,,0.33,ak,ak02010j9k0e,2020-01-22T09:28:25.691Z,"76km S of King Salmon, Alaska",earthquake,,1,,,automatic,ak,ak
2020-01-22T09:14:20.369Z,34.96129608,-97.71123505,4.900202751,1.69,ml,14,78.67959595,0.1032274812,0.5561124975,ok,ok2020bnbw,2020-01-22T09:17:44.088Z,"17km NW of Lindsay, Oklahoma",earthquake,3.416675039,2.536356605,,12,automatic,ok,ok
2020-01-22T09:04:48.380Z,38.8126678,-122.8236694,2.2,0.56,md,15,57,0.005737,0.02,nc,nc73330391,2020-01-22T09:23:03.891Z,"7km NW of The Geysers, CA",earthquake,0.26,0.5,0.01,3,automatic,nc,nc
2020-01-22T09:02:43.650Z,32.4116667,-115.2585,4.35,2.19,ml,22,102,0.0401,0.32,ci,ci39277824,2020-01-22T09:13:25.280Z,"9km NW of Delta, B.C., MX",earthquake,0.72,1.38,0.181,26,automatic,ci,ci
2020-01-22T09:01:59.320Z,35.7471667,-117.5886667,6.6,0.65,ml,15,125,0.0688,0.16,ci,ci39277816,2020-01-22T09:05:43.723Z,"16km NNE of Ridgecrest, CA",earthquake,0.57,0.97,0.157,8,automatic,ci,ci
2020-01-22T09:01:38.069Z,61.2788,-149.9999,20.2,3.4,ml,,,,0.55,ak,ak02010j6twj,2020-01-22T09:25:13.767Z,"8km NW of Anchorage, Alaska",earthquake,,0.6,,,reviewed,ak,ak
2020-01-22T09:01:07.960Z,33.6591667,-116.7116667,15.34,0.49,ml,17,98,0.05191,0.12,ci,ci39277808,2020-01-22T09:04:41.402Z,"9km S of Idyllwild, CA",earthquake,0.36,0.58,0.221,11,automatic,ci,ci
2020-01-22T08:52:56.730Z,32.4225006,-115.2573318,18.97,3.44,ml,38,68,0.04043,0.36,ci,ci39277800,2020-01-22T09:04:18.820Z,"10km NW of Delta, B.C., MX",earthquake,0.52,1.3,0.378,17,automatic,ci,ci
2020-01-22T08:51:55.260Z,19.2021675,-155.5034943,33.66,2.03,md,53,64,0.04616,0.13,hv,hv71343202,2020-01-22T08:55:07.260Z,"2km W of Pahala, Hawaii",earthquake,0.45,0.72,0.14,12,automatic,hv,hv
2020-01-22T08:50:01.640Z,38.8313332,-122.8181686,1.77,1.32,md,25,49,0.01014,0.02,nc,nc73330386,2020-01-22T09:11:03.815Z,"8km NW of The Geysers, CA",earthquake,0.18,0.36,0.03,5,automatic,nc,nc
2020-01-22T08:45:09.230Z,38.8190002,-122.8151703,2.6,1.35,md,31,45,0.005925,0.03,nc,nc73330381,2020-01-22T09:16:02.846Z,"7km NW of The Geysers, CA",earthquake,0.19,0.36,0.12,8,automatic,nc,nc
2020-01-22T08:39:28.980Z,33.898,-116.874,12.47,1.31,ml,48,35,0.09051,0.19,ci,ci39277792,2020-01-22T08:50:12.220Z,"3km S of Banning, CA",earthquake,0.22,0.72,0.14,27,automatic,ci,ci
2020-01-22T08:38:36.420Z,33.5098333,-116.4526667,5.59,0.94,ml,35,70,0.02628,0.23,ci,ci39277784,2020-01-22T08:42:17.736Z,"21km ESE of Anza, CA",earthquake,0.27,0.68,0.13,27,automatic,ci,ci
2020-01-22T08:38:30.407Z,58.2648,-155.1718,3.9,0.8,ml,,,,0.54,ak,ak02010itb9c,2020-01-22T09:10:37.988Z,"98km ESE of King Salmon, Alaska",earthquake,,0.7,,,automatic,ak,ak
2020-01-22T08:36:34.120Z,37.1833,-118.0523,0.8,1,ml,10,213.11,0.094,0.25,nn,nn00715623,2020-01-22T09:25:39.273Z,"21km E of Big Pine, California",earthquake,,17.5,,,automatic,nn,nn
2020-01-22T08:34:59.282Z,59.8092,-153.2008,122.5,1.9,ml,,,,0.68,ak,ak02010isimn,2020-01-22T09:10:37.232Z,"76km W of Anchor Point, Alaska",earthquake,,0.4,,,automatic,ak,ak
2020-01-22T08:24:39.390Z,33.9773333,-116.3848333,2.06,1.1,ml,22,58,0.04162,0.27,ci,ci39277776,2020-01-22T08:28:27.732Z,"11km E of Desert Hot Springs, CA",earthquake,0.44,0.53,0.17,26,automatic,ci,ci
2020-01-22T08:24:20.120Z,35.6295,-117.4256667,4.15,1.14,ml,21,86,0.05222,0.18,ci,ci39277768,2020-01-22T08:27:55.449Z,"16km S of Searles Valley, CA",earthquake,0.3,0.61,0.168,14,automatic,ci,ci
2020-01-22T08:09:15.880Z,35.8986667,-117.7236667,5.56,0.55,ml,12,59,0.07715,0.09,ci,ci39277760,2020-01-22T08:12:51.844Z,"17km ESE of Little Lake, CA",earthquake,0.2,0.93,0.127,4,automatic,ci,ci
2020-01-22T08:06:53.680Z,35.6426667,-117.4786667,8.51,2.34,ml,33,76,0.04444,0.15,ci,ci39277752,2020-01-22T09:00:58.286Z,"15km SSW of Searles Valley, CA",earthquake,0.26,0.46,0.153,26,automatic,ci,ci
2020-01-22T08:04:43.860Z,33.8933333,-116.2823333,6.39,0.86,ml,21,128,0.09609,0.18,ci,ci39277744,2020-01-22T08:08:31.792Z,"13km NE of Thousand Palms, CA",earthquake,0.39,1.05,0.13,21,automatic,ci,ci
2020-01-22T07:58:30.492Z,60.3884,-141.4216,0,1.5,ml,,,,0.61,ak,ak02010ic5zd,2020-01-22T08:10:37.333Z,"66km ENE of Cape Yakataga, Alaska",earthquake,,0.4,,,automatic,ak,ak
2020-01-22T07:41:10.820Z,34.3025017,-118.4863358,6.97,3.59,mlr,110,23,0.02131,0.25,ci,ci39277736,2020-01-22T09:36:26.441Z,"4km NNE of Granada Hills, CA",earthquake,0.24,0.66,0.295,18,automatic,ci,ci
2020-01-22T07:37:45.890Z,19.2175007,-155.4043274,31.54,2.36,md,45,153,0.08245,0.13,hv,hv71343082,2020-01-22T07:40:51.140Z,"8km E of Pahala, Hawaii",earthquake,0.66,0.72,0.43,4,automatic,hv,hv
2020-01-22T07:17:04.370Z,19.2143326,-155.4331665,33.18,2.04,ml,54,130,0.04083,0.13,hv,hv71343067,2020-01-22T07:22:41.670Z,"5km ENE of Pahala, Hawaii",earthquake,0.56,0.85,5.21,3,automatic,hv,hv
2020-01-22T07:12:07.540Z,35.7025,-117.5271667,2.44,0.91,ml,13,133,0.08725,0.16,ci,ci39277728,2020-01-22T07:16:00.337Z,"13km WSW of Searles Valley, CA",earthquake,0.43,0.51,0.13,10,automatic,ci,ci
2020-01-22T07:09:19.040Z,35.6756667,-117.4918333,10.99,0.91,ml,13,237,0.08261,0.11,ci,ci39277712,2020-01-22T07:13:04.840Z,"13km SW of Searles Valley, CA",earthquake,0.87,0.53,0.199,10,automatic,ci,ci
2020-01-22T07:08:36.797Z,31.798,103.2311,10,4.7,mb,,78,11.756,0.8,us,us60007cnf,2020-01-22T07:23:10.138Z,"23km SW of Se'ergu, China",earthquake,12.2,1.9,0.093,35,reviewed,us,us
2020-01-22T06:55:06.980Z,33.9715,-116.3925,1.79,1.69,ml,49,89,0.03358,0.21,ci,ci39277704,2020-01-22T06:59:06.754Z,"10km E of Desert Hot Springs, CA",earthquake,0.25,0.37,0.179,26,automatic,ci,ci
2020-01-22T06:50:05.653Z,57.7875,-153.8146,13.1,1.4,ml,,,,0.35,ak,ak02010hoyqd,2020-01-22T07:10:38.424Z,"29km NNE of Larsen Bay, Alaska",earthquake,,7.2,,,automatic,ak,ak
2020-01-22T06:41:56.444Z,61.4815,-149.92,30.3,1.5,ml,,,,0.71,ak,ak02010hn57g,2020-01-22T07:10:37.849Z,"4km SSE of Big Lake, Alaska",earthquake,,0.1,,,automatic,ak,ak
2020-01-22T06:23:37.390Z,38.840168,-122.8389969,1.46,0.44,md,12,115,0.01731,0.02,nc,nc73330351,2020-01-22T06:48:02.927Z,"10km NW of The Geysers, CA",earthquake,0.27,0.45,0.33,2,automatic,nc,nc
2020-01-22T06:19:53.930Z,19.1981659,-155.4609985,35.26,1.79,md,41,153,0.06151,0.11,hv,hv71342977,2020-01-22T06:23:20.010Z,"2km ESE of Pahala, Hawaii",earthquake,0.75,0.91,0.18,3,automatic,hv,hv
2020-01-22T06:07:21.874Z,51.003,-179.7953,47.84,4.7,mb,,191,0.681,1.09,us,us60007cmf,2020-01-22T06:21:57.040Z,"56km WSW of Amatignak Island, Alaska",earthquake,7,8.6,0.034,262,reviewed,us,us
2020-01-22T05:59:38.420Z,36.0085,-117.8051667,1.12,0.82,ml,8,82,0.02613,0.1,ci,ci39277552,2020-01-22T06:03:13.424Z,"12km NE of Little Lake, CA",earthquake,0.24,0.38,0.093,9,automatic,ci,ci
2020-01-22T05:58:35.716Z,67.6025,-161.2088,14.6,3.8,ml,,,,0.88,ak,ak02010h5bay,2020-01-22T06:15:39.349Z,"74km E of Noatak, Alaska",earthquake,,0.6,,,automatic,ak,ak
2020-01-22T05:52:11.990Z,35.6178333,-117.4476667,6.94,1.11,ml,16,58,0.03343,0.18,ci,ci39277544,2020-01-22T05:55:55.380Z,"17km SSW of Searles Valley, CA",earthquake,0.37,0.63,0.175,12,automatic,ci,ci
2020-01-22T05:48:04.694Z,61.8136,-150.2367,188,1.5,ml,,,,1.05,ak,ak02010h33nu,2020-01-22T06:10:38.483Z,"12km NW of Willow, Alaska",earthquake,,0.9,,,automatic,ak,ak
2020-01-22T05:41:26.588Z,61.7162,-148.7849,34.4,1.7,ml,,,,0.86,ak,ak02010h1n9w,2020-01-22T06:10:37.856Z,"9km SSE of Sutton-Alpine, Alaska",earthquake,,0.1,,,automatic,ak,ak
2020-01-22T05:39:37.409Z,36.91994476,-99.87078094,1.855717182,2.51,ml,13,150.9312458,0.02740051039,0.5216296921,ok,ok2020bmut,2020-01-22T05:42:56.773Z,"23km N of Laverne, Oklahoma",earthquake,5.182184146,3.309146395,,10,automatic,ok,ok
2020-01-22T05:39:18.440Z,35.8661667,-117.6973333,3.25,0.67,ml,15,87,0.07948,0.15,ci,ci39277536,2020-01-22T05:42:56.478Z,"20km ESE of Little Lake, CA",earthquake,0.3,1.28,0.076,8,automatic,ci,ci
2020-01-22T05:36:41.790Z,36.9751663,-121.4586639,0.15,1.59,md,11,102,0.04507,0.21,nc,nc73330336,2020-01-22T08:15:04.484Z,"10km ESE of Gilroy, CA",earthquake,0.53,5.09,0.18,10,automatic,nc,nc
2020-01-22T05:35:14.966Z,51.076,-179.9685,32.13,4.5,mb,,203,0.55,1.17,us,us60007cm1,2020-01-22T05:55:43.040Z,"63km WSW of Amatignak Island, Alaska",earthquake,6.7,7.4,0.038,199,reviewed,us,us
2020-01-22T05:29:27.060Z,35.8923333,-117.7166667,5.14,1.25,ml,20,52,0.07726,0.17,ci,ci39277528,2020-01-22T05:33:07.208Z,"18km ESE of Little Lake, CA",earthquake,0.26,1.09,0.241,19,automatic,ci,ci
2020-01-22T05:16:19.500Z,36.1065,-117.8498333,2.19,1.1,ml,14,115,0.01178,0.11,ci,ci39277520,2020-01-22T05:20:05.176Z,"11km NE of Coso Junction, CA",earthquake,0.27,0.18,0.244,14,automatic,ci,ci
2020-01-22T05:13:48.440Z,62.1928,-149.1205,17.1,1.4,ml,,,,0.82,ak,ak02010gvoxu,2020-01-22T06:10:37.215Z,"38km E of Y, Alaska",earthquake,,0.2,,,automatic,ak,ak
2020-01-22T05:06:49.610Z,35.6658333,-117.525,6.89,2.22,ml,32,51,0.05657,0.16,ci,ci39277512,2020-01-22T05:17:30.630Z,"14km ENE of Ridgecrest, CA",earthquake,0.22,0.57,0.145,24,automatic,ci,ci
2020-01-22T04:57:45.510Z,17.9533,-66.6676,13,3.08,md,11,205,0.1085,0.18,pr,pr2020022002,2020-01-22T05:30:21.733Z,"6km SE of Tallaboa, Puerto Rico",earthquake,0.94,0.56,0.24,5,reviewed,pr,pr
2020-01-22T04:30:17.275Z,57.1102,-154.0727,0,2.1,ml,,,,0.49,ak,ak02010gdu3j,2020-01-22T05:10:37.130Z,"48km S of Larsen Bay, Alaska",earthquake,,0.4,,,automatic,ak,ak
2020-01-22T04:18:36.000Z,33.4938333,-116.8005,6.63,0.61,ml,22,37,0.08878,0.14,ci,ci39277504,2020-01-22T04:22:13.201Z,"8km NE of Aguanga, CA",earthquake,0.19,0.49,0.1,15,automatic,ci,ci
2020-01-22T04:15:48.950Z,36.0968333,-117.9101667,4.85,0.86,ml,10,193,0.04934,0.11,ci,ci39277496,2020-01-22T04:19:26.303Z,"7km NNE of Coso Junction, CA",earthquake,0.48,0.67,0.085,10,automatic,ci,ci
2020-01-22T04:07:21.592Z,61.3771,-150.0596,32.4,2.1,ml,,,,0.67,ak,ak02010g8wxk,2020-01-22T04:20:11.313Z,"17km SSW of Big Lake, Alaska",earthquake,,0.3,,,automatic,ak,ak
2020-01-22T04:05:52.850Z,33.575,-116.8103333,4.81,1.43,ml,64,22,0.04286,0.18,ci,ci39277480,2020-01-22T04:17:00.520Z,"13km W of Anza, CA",earthquake,0.17,0.58,0.133,26,automatic,ci,ci
2020-01-22T04:04:34.050Z,19.1828327,-155.4385071,32.74,2.02,md,47,156,0.03524,0.12,hv,hv71342847,2020-01-22T04:07:44.080Z,"5km ESE of Pahala, Hawaii",earthquake,0.56,0.78,0.14,15,automatic,hv,hv
2020-01-22T03:58:43.981Z,2.2035,96.2741,10,4.7,mb,,172,1.578,0.68,us,us60007clh,2020-01-22T04:51:56.040Z,"32km SSW of Sinabang, Indonesia",earthquake,8.3,1.9,0.089,39,reviewed,us,us
2020-01-22T03:51:32.180Z,35.8188333,-117.627,10.02,0.67,ml,8,122,0.02417,0.15,ci,ci39277472,2020-01-22T03:55:16.388Z,"21km WNW of Searles Valley, CA",earthquake,0.58,0.73,0.262,8,automatic,ci,ci
2020-01-22T03:49:30.148Z,-8.7837,119.2381,129.12,4.5,mb,,75,2.969,0.98,us,us60007ckq,2020-01-22T04:09:28.040Z,"30km SE of Sigirato, Indonesia",earthquake,7.8,6.6,0.104,27,reviewed,us,us
2020-01-22T03:45:18.951Z,34.58592987,-96.56009674,0.965058744,2.1,ml,14,213.0510864,0.1708433181,0.479826734,ok,ok2020bmqz,2020-01-22T05:29:31.291Z,"23km SSE of Ada, Oklahoma",earthquake,5.58241272,2.483319263,,12,automatic,ok,ok
2020-01-22T03:45:00.889Z,-19.9664,-70.3422,35,3.1,ml,,183,0.527,0.28,us,us60007cku,2020-01-22T04:28:24.793Z,"35km NW of Iquique, Chile",earthquake,2.7,2,0.062,34,reviewed,us,us
2020-01-22T03:39:37.330Z,33.9743333,-116.3936667,0.35,1.11,ml,25,103,0.03584,0.25,ci,ci39277464,2020-01-22T03:43:26.590Z,"10km E of Desert Hot Springs, CA",earthquake,0.33,0.54,0.15,26,automatic,ci,ci
2020-01-22T03:25:34.400Z,36.7678337,-121.3960037,5.84,2.01,md,19,103,0.0413,0.07,nc,nc73330301,2020-01-22T04:15:03.870Z,"6km SSW of Ridgemark, CA",earthquake,0.33,0.76,0.21,20,automatic,nc,nc
2020-01-22T03:13:34.790Z,37.5416679,-118.7868347,10.09,1.4,md,14,155,0.05881,0.01,nc,nc73330291,2020-01-22T04:04:03.806Z,"10km WSW of Toms Place, CA",earthquake,0.84,1.24,0.2,12,automatic,nc,nc
2020-01-22T03:04:27.370Z,33.4575,-116.4661667,18.68,0.58,ml,15,92,0.1135,0.25,ci,ci39277448,2020-01-22T03:08:16.854Z,"22km ESE of Anza, CA",earthquake,0.77,1.16,0.139,12,automatic,ci,ci
2020-01-22T02:50:14.530Z,35.6698333,-117.4878333,2.41,0.67,ml,13,135,0.07017,0.15,ci,ci39277440,2020-01-22T02:53:47.283Z,"13km SW of Searles Valley, CA",earthquake,0.32,0.57,0.133,8,automatic,ci,ci
2020-01-22T02:48:29.860Z,35.8888333,-117.7181667,9.42,0.53,ml,7,101,0.08063,0.02,ci,ci39277432,2020-01-22T02:52:07.191Z,"18km ESE of Little Lake, CA",earthquake,0.18,0.6,0.206,3,automatic,ci,ci
2020-01-22T02:48:24.066Z,61.5874,-152.2554,125.7,1.5,ml,,,,0.53,ak,ak02010fau86,2020-01-22T03:06:03.821Z,"112km NNW of Nikiski, Alaska",earthquake,,0.7,,,automatic,ak,ak
2020-01-22T02:45:04.810Z,35.665,-117.489,4.91,1.93,ml,30,55,0.06531,0.15,ci,ci39277424,2020-01-22T02:55:39.300Z,"14km SW of Searles Valley, CA",earthquake,0.23,0.49,0.131,26,automatic,ci,ci
2020-01-22T02:37:54.480Z,19.1866665,-155.4556732,37.03,1.86,md,29,200,0.07469,0.11,hv,hv71342752,2020-01-22T02:41:02.620Z,"3km SE of Pahala, Hawaii",earthquake,0.87,0.85,0.36,3,automatic,hv,hv
2020-01-22T02:29:51.270Z,33.6501667,-116.7303333,14.4,1.45,ml,49,54,0.06232,0.19,ci,ci39277408,2020-01-22T02:40:31.300Z,"10km S of Idyllwild, CA",earthquake,0.21,0.39,0.279,26,automatic,ci,ci
2020-01-22T02:23:32.970Z,17.8536,-66.8933,11,3.43,md,13,238,0.1223,0.13,pr,pr2020022001,2020-01-22T04:45:22.054Z,"13km S of Guanica, Puerto Rico",earthquake,0.85,0.49,0.18,7,reviewed,pr,pr
2020-01-22T02:04:16.820Z,35.815,-117.6791667,6.14,1.95,ml,31,49,0.06637,0.18,ci,ci39277400,2020-01-22T02:08:19.011Z,"22km N of Ridgecrest, CA",earthquake,0.22,0.66,0.184,26,automatic,ci,ci
2020-01-22T01:55:49.000Z,35.9088333,-117.7376667,7.93,0.49,ml,10,71,0.07653,0.05,ci,ci39277392,2020-01-22T01:59:16.772Z,"16km ESE of Little Lake, CA",earthquake,0.19,0.7,0.211,3,automatic,ci,ci
2020-01-22T01:53:56.722Z,60.5726,-137.3055,6.9,1.7,ml,,,,0.25,ak,ak02010eqjx1,2020-01-22T02:14:48.584Z,"22km SSE of Haines Junction, Canada",earthquake,,0.1,,,reviewed,ak,ak
2020-01-22T01:47:32.258Z,61.0981,-148.472,20.5,1.8,ml,,,,0.53,ak,ak02010ep7ly,2020-01-22T02:06:05.146Z,"37km NNE of Whittier, Alaska",earthquake,,0.3,,,automatic,ak,ak
2020-01-22T01:45:51.018Z,63.1942,-149.0262,7.2,1.3,ml,,,,0.42,ak,ak02010eotml,2020-01-22T02:06:04.546Z,"22km S of Cantwell, Alaska",earthquake,,0.3,,,automatic,ak,ak
2020-01-22T01:27:39.980Z,37.2813333,-118.5351667,14.04,1.6,md,17,171,0.07512,0.05,nc,nc73330261,2020-01-22T03:30:03.156Z,"11km SW of West Bishop, CA",earthquake,0.45,0.61,0.168,15,reviewed,nc,nc
2020-01-22T01:26:52.313Z,60.4171,-147.8005,10.7,1.9,ml,,,,0.6,ak,ak02010ekr4f,2020-01-22T02:06:03.954Z,"62km SE of Whittier, Alaska",earthquake,,0.2,,,automatic,ak,ak
2020-01-22T01:22:15.431Z,36.7816,-115.9654,3.1,0.4,ml,10,219.16,0.105,0.1138,nn,nn00715610,2020-01-22T01:39:49.857Z,"63km N of Pahrump, Nevada",earthquake,,2.3,0.3,6,reviewed,nn,nn
2020-01-22T01:06:58.887Z,63.2879,-151.2806,9.7,1.4,ml,,,,0.5,ak,ak02010eghb2,2020-01-22T02:06:03.345Z,"117km W of Cantwell, Alaska",earthquake,,0.4,,,automatic,ak,ak
2020-01-22T00:57:21.299Z,-16.4959,177.8234,10,5.5,mb,,75,1.261,0.92,us,us60007cim,2020-01-22T04:51:34.343Z,"129km NNE of Lautoka, Fiji",earthquake,9.6,1.8,0.054,119,reviewed,us,us
2020-01-22T00:53:30.980Z,33.6385,-116.7323333,15.16,0.79,ml,23,83,0.05196,0.11,ci,ci39277376,2020-01-22T00:57:10.594Z,"11km NNW of Anza, CA",earthquake,0.23,0.39,0.185,25,automatic,ci,ci
2020-01-22T00:50:13.330Z,33.5805,-116.818,9.58,0.63,ml,19,96,0.04688,0.2,ci,ci39277360,2020-01-22T00:53:54.574Z,"14km WNW of Anza, CA",earthquake,0.41,0.82,0.145,16,automatic,ci,ci
2020-01-22T00:48:52.710Z,19.1693333,-155.417,33.83,1.75,md,13,189,0.04484,0.09,hv,hv71342587,2020-01-22T03:05:56.890Z,"7km ESE of Pahala, Hawaii",earthquake,0.93,0.99,0.034,9,reviewed,hv,hv
2020-01-22T00:48:43.490Z,17.9361,-66.7605,13,3.37,md,12,209,0.1249,0.19,pr,pr2020022000,2020-01-22T03:10:21.146Z,"5km SW of Tallaboa, Puerto Rico",earthquake,1.04,0.49,0.19,6,reviewed,pr,pr
2020-01-22T00:38:55.444Z,64.7019,-146.8789,8.8,0.9,ml,,,,0.61,ak,ak02010e1wcn,2020-01-22T01:06:07.385Z,"9km ENE of Eielson Air Force Base, Alaska",earthquake,,0.3,,,automatic,ak,ak
2020-01-22T00:35:41.670Z,35.8091667,-117.6241667,2.45,1.31,ml,19,65,0.02264,0.22,ci,ci39277352,2020-01-22T00:39:25.609Z,"20km WNW of Searles Valley, CA",earthquake,0.34,0.46,0.139,18,automatic,ci,ci
2020-01-22T00:25:52.740Z,35.0413333,-117.6686667,0.29,1.74,ml,25,60,0.1091,0.23,ci,ci39277336,2020-01-22T00:29:56.437Z,"5km NNW of Boron, CA",quarry blast,0.47,31.61,0.125,27,automatic,ci,ci
2020-01-22T00:14:41.285Z,64.9983,-147.3225,0.2,1.6,ml,,,,0.2,ak,ak02010dwq60,2020-01-22T01:06:06.787Z,"24km NNE of Badger, Alaska",earthquake,,0.3,,,automatic,ak,ak
2020-01-22T00:12:01.500Z,46.6833333,-113.1828333,6.29,1.78,ml,15,97,0.453,0.2,mb,mb80378959,2020-01-22T01:00:39.230Z,"39km NNE of Philipsburg, Montana",earthquake,0.57,3.35,0.208,4,reviewed,mb,mb
2020-01-22T00:01:04.436Z,13.9794,-92.9213,10,4.7,mb,,185,1.306,0.74,us,us60007chu,2020-01-22T00:46:28.671Z,"98km SW of Suchiate, Mexico",earthquake,5.2,1.9,0.045,152,reviewed,us,us
2020-01-21T23:59:17.840Z,33.1976667,-115.6098333,2.01,1.41,ml,8,137,0.01801,0.22,ci,ci39277320,2020-01-22T00:25:59.003Z,"10km WSW of Niland, CA",earthquake,0.79,0.62,0.087,3,reviewed,ci,ci
2020-01-21T23:55:27.763Z,64.2118,-147.1437,0,1.3,ml,,,,0.46,ak,ak020z4b3sp,2020-01-22T01:06:06.195Z,"36km SSW of Salcha, Alaska",earthquake,,0.3,,,automatic,ak,ak
2020-01-21T23:52:35.230Z,38.7724991,-122.7145004,1.85,1,md,10,158,0.01266,0.04,nc,nc73330256,2020-01-22T00:41:03.683Z,"2km W of Anderson Springs, CA",earthquake,0.49,0.84,0.26,2,automatic,nc,nc
2020-01-21T23:36:45.203Z,61.294,-148.058,5.7,1.3,ml,,,,0.74,ak,ak020z472js,2020-01-22T00:06:03.137Z,"58km ESE of Butte, Alaska",earthquake,,0.8,,,automatic,ak,ak
2020-01-21T23:11:02.970Z,33.9205,-116.322,8.64,0.26,ml,12,107,0.07489,0.14,ci,ci39277288,2020-01-22T00:13:19.937Z,"13km NNE of Thousand Palms, CA",earthquake,0.3,0.88,0.073,3,reviewed,ci,ci
2020-01-21T22:53:14.630Z,36.46188354,-97.41507721,1.73365593,2.46,ml,54,75.91117859,0.1193013638,0.5615073951,ok,ok2020bmhj,2020-01-21T22:58:01.091Z,"22km NNW of Perry, Oklahoma",earthquake,1.871708252,1.393321094,,42,automatic,ok,ok
2020-01-21T22:51:02.665Z,60.3133,-152.5658,103.9,1.2,ml,,,,0.67,ak,ak020z3oree,2020-01-21T23:06:05.591Z,"21km SSE of Redoubt Volcano, Alaska",earthquake,,0.4,,,automatic,ak,ak
2020-01-21T22:50:09.679Z,36.93761444,-99.84240723,2.575675726,2.97,ml,13,154.5791702,0.02168697864,0.9236708523,ok,ok2020bmhg,2020-01-21T23:07:30.040Z,"27km N of Laverne, Oklahoma",earthquake,5.278302435,2.804176028,,11,automatic,ok,ok
2020-01-21T22:47:38.537Z,36.9025,-99.826,5,2.4,mb_lg,,102,0.446,0.79,us,us60007cgi,2020-01-22T06:50:03.056Z,"18km WNW of Buffalo, Oklahoma",earthquake,2.7,2,0.077,44,reviewed,us,us
2020-01-21T22:35:09.269Z,36.9353,-99.8926,5,2.4,mb_lg,,105,0.827,0.47,us,us60007cg6,2020-01-21T22:54:46.040Z,"25km N of Laverne, Oklahoma",earthquake,2.5,2,0.096,28,reviewed,us,us
2020-01-21T22:33:34.831Z,60.1087,-150.5154,33.8,1.6,ml,,,,0.38,ak,ak020z3kyzv,2020-01-21T23:06:04.966Z,"49km SSE of Sterling, Alaska",earthquake,,0.2,,,automatic,ak,ak
2020-01-21T22:27:03.600Z,19.3991661,-155.2838287,0.2,1.73,md,10,116,0.01033,0.11,hv,hv71342357,2020-01-21T22:30:02.390Z,"5km SW of Volcano, Hawaii",earthquake,0.23,0.47,0.07,7,automatic,hv,hv
2020-01-21T22:26:44.351Z,36.9295,-99.9101,5,2.3,mb_lg,,134,0.838,0.42,us,us60007cfq,2020-01-21T22:48:51.040Z,"24km N of Laverne, Oklahoma",earthquake,2,2,0.088,34,reviewed,us,us
2020-01-21T22:23:59.078Z,60.1055,-139.0687,0,2.2,ml,,,,0.72,ak,ak020z3ivpx,2020-01-22T01:06:05.512Z,"72km NNE of Yakutat, Alaska",ice quake,,0.8,,,automatic,ak,ak
2020-01-21T22:04:22.650Z,62.0552,-149.2591,50.4,1.3,ml,,,,0.64,ak,ak020z3eqah,2020-01-21T23:06:03.591Z,"33km ESE of Y, Alaska",earthquake,,1.3,,,automatic,ak,ak
2020-01-21T21:56:22.325Z,36.9112,-99.8824,5,2.3,mb_lg,,104,0.811,0.37,us,us60007ceg,2020-01-21T22:44:00.040Z,"22km N of Laverne, Oklahoma",earthquake,3,2,0.12,18,reviewed,us,us
2020-01-21T21:43:26.030Z,36.1081667,-117.8383333,1.41,1.6,ml,19,57,0.01635,0.13,ci,ci39277224,2020-01-21T21:47:17.414Z,"12km NE of Coso Junction, CA",earthquake,0.26,0.27,0.151,24,automatic,ci,ci
2020-01-21T21:39:54.660Z,33.4856667,-116.8023333,4.66,0.7,ml,28,32,0.02668,0.2,ci,ci39277216,2020-01-21T21:43:35.389Z,"8km NE of Aguanga, CA",earthquake,0.26,0.6,0.117,19,automatic,ci,ci
2020-01-21T21:39:54.440Z,17.9231,-67.0036,8,2.65,md,12,238,0.1348,0.09,pr,pr2020021012,2020-01-22T05:42:26.626Z,"8km SE of La Parguera, Puerto Rico",earthquake,0.79,0.96,0.25,5,reviewed,pr,pr
2020-01-21T21:36:59.579Z,60.4956,-152.0879,81.1,1.7,ml,,,,0.46,ak,ak020z30bl3,2020-01-21T22:06:05.353Z,"36km E of Redoubt Volcano, Alaska",earthquake,,1.2,,,automatic,ak,ak
2020-01-21T21:35:57.110Z,19.2361667,-155.4056667,32.4,2.62,ml,61,134,0.00783,0.12,hv,hv71342282,2020-01-22T01:30:22.520Z,"7km NE of Pahala, Hawaii",earthquake,0.45,0.54,0.163,40,reviewed,hv,hv
2020-01-21T21:35:16.420Z,19.2293339,-155.406662,31.75,2.35,ml,22,202,0.01187,0.1,hv,hv71342277,2020-01-21T21:40:49.620Z,"8km ENE of Pahala, Hawaii",earthquake,0.67,1.42,3.2,21,automatic,hv,hv
2020-01-21T21:33:10.470Z,35.7765,-117.6185,10.45,0.73,ml,14,67,0.04271,0.16,ci,ci39277208,2020-01-21T21:36:42.403Z,"18km NNE of Ridgecrest, CA",earthquake,0.35,0.61,0.114,8,automatic,ci,ci
2020-01-21T21:32:22.393Z,62.4011,-149.0437,29.8,1.5,ml,,,,0.73,ak,ak020z2zapr,2020-01-21T22:06:04.756Z,"49km ENE of Y, Alaska",earthquake,,0.2,,,automatic,ak,ak
2020-01-21T21:31:31.757Z,-29.4975,-176.1363,10,5,mb,,76,1.584,1.1,us,us60007cds,2020-01-21T22:24:05.040Z,"173km E of Raoul Island, New Zealand",earthquake,10.8,1.8,0.107,28,reviewed,us,us
2020-01-21T21:31:14.390Z,35.7701667,-117.6135,9.78,1.17,ml,20,69,0.0473,0.18,ci,ci39277200,2020-01-21T21:34:55.409Z,"18km NNE of Ridgecrest, CA",earthquake,0.39,0.78,0.16,16,automatic,ci,ci
2020-01-21T21:28:42.234Z,61.3847,-149.8166,28.9,1.5,ml,,,,0.59,ak,ak020z2yhcf,2020-01-21T22:06:04.177Z,"16km SSE of Big Lake, Alaska",earthquake,,0.1,,,automatic,ak,ak
2020-01-21T21:27:48.690Z,37.5573333,-118.8791667,4.26,0.68,md,12,236,0.05145,0.04,nc,nc73330231,2020-01-22T01:17:55.253Z,"12km SE of Mammoth Lakes, CA",earthquake,0.82,1.09,0.116,10,reviewed,nc,nc
2020-01-21T21:24:57.480Z,35.632,-117.4763333,7.11,-0.06,ml,7,133,0.03495,0.12,ci,ci39277192,2020-01-22T01:25:50.367Z,"16km SSW of Searles Valley, CA",earthquake,0.6,0.55,0.238,2,reviewed,ci,ci
2020-01-21T21:24:42.635Z,64.9308,-148.635,30.3,0.9,ml,,,,0.43,ak,ak020z2xmlq,2020-01-21T22:06:03.575Z,"30km WNW of Ester, Alaska",earthquake,,0.5,,,automatic,ak,ak
2020-01-21T21:23:41.200Z,35.8863333,-117.6841667,2.51,1.15,ml,20,90,0.06728,0.15,ci,ci39277184,2020-01-21T21:27:14.298Z,"21km ESE of Little Lake, CA",earthquake,0.25,0.36,0.122,18,automatic,ci,ci
2020-01-21T21:17:50.100Z,33.5958333,-116.8035,5.18,0.55,ml,20,79,0.03296,0.12,ci,ci39277176,2020-01-21T21:21:36.262Z,"13km WNW of Anza, CA",earthquake,0.23,0.43,0.187,17,automatic,ci,ci
2020-01-21T21:15:53.880Z,38.8059998,-122.8243332,2,1.55,md,27,55,0.004747,0.07,nc,nc73330226,2020-01-21T21:47:01.940Z,"7km WNW of The Geysers, CA",earthquake,0.21,0.39,0.1,7,automatic,nc,nc
2020-01-21T21:05:47.950Z,37.5413333,-118.8378333,1.52,0.4,md,8,311,0.0491,0.02,nc,nc73330221,2020-01-22T01:59:02.152Z,"14km W of Toms Place, CA",earthquake,4.42,1.23,0.257,8,reviewed,nc,nc
2020-01-21T21:02:16.380Z,33.5955,-116.8055,4.88,0.38,ml,25,78,0.0346,0.11,ci,ci39277168,2020-01-21T22:07:09.940Z,"13km WNW of Anza, CA",earthquake,0.18,0.38,0.107,9,reviewed,ci,ci
2020-01-21T21:00:44.770Z,32.815,-117.0885,3.54,0.77,ml,23,214,0.07501,0.26,ci,ci39277160,2020-01-21T21:04:32.337Z,"7km NE of San Diego, CA",earthquake,1.12,0.72,0.115,5,automatic,ci,ci
2020-01-21T20:53:51.949Z,-29.5513,-176.0127,10,4.9,mb,,92,1.699,0.96,us,us60007ccq,2020-01-22T00:04:54.040Z,"185km E of Raoul Island, New Zealand",earthquake,12,1.9,0.083,46,reviewed,us,us
2020-01-21T20:41:40.776Z,62.4471,-150.0193,55.8,1.4,ml,,,,0.52,ak,ak020z2ftz1,2020-01-21T21:06:04.262Z,"14km NNE of Talkeetna, Alaska",earthquake,,1.4,,,automatic,ak,ak
2020-01-21T20:27:36.040Z,40.3600006,-122.1193314,12.85,2.63,md,17,114,0.1514,0.03,nc,nc73330206,2020-01-21T21:09:03.704Z,"18km ESE of Anderson, CA",earthquake,0.3,0.78,0.18,21,automatic,nc,nc
2020-01-21T20:26:41.130Z,17.9266,-66.9876,5,3,md,10,229,0.1188,0.14,pr,pr2020021011,2020-01-22T00:40:02.486Z,"8km SSE of Indios, Puerto Rico",earthquake,0.98,0.34,0.28,5,reviewed,pr,pr
2020-01-21T20:24:09.091Z,61.4407,-150.438,59.5,1.2,ml,,,,0.47,ak,ak020z2c48g,2020-01-22T01:06:04.452Z,"27km WSW of Big Lake, Alaska",earthquake,,0.5,,,reviewed,ak,ak
2020-01-21T20:14:54.660Z,38.7535019,-122.7174988,1.97,1.86,md,20,123,0.02044,0.06,nc,nc73330201,2020-01-21T20:54:03.616Z,"3km SW of Anderson Springs, CA",earthquake,0.28,0.41,0.18,8,automatic,nc,nc
2020-01-21T20:08:03.350Z,35.8025,-117.6098333,10.7,2.63,ml,34,53,0.01658,0.17,ci,ci39277104,2020-01-21T20:18:59.160Z,"19km WNW of Searles Valley, CA",earthquake,0.22,0.43,0.111,24,automatic,ci,ci
2020-01-21T20:06:17.633Z,63.0939,-150.8866,25.3,1.4,ml,,,,1.17,ak,ak020z28a1d,2020-01-21T21:06:02.995Z,"94km NNW of Talkeetna, Alaska",earthquake,,0.9,,,automatic,ak,ak
2020-01-21T20:05:16.540Z,19.1884995,-155.402832,35.07,2.03,md,39,171,0.04901,0.13,hv,hv71342132,2020-01-21T20:08:41.620Z,"8km ESE of Pahala, Hawaii",earthquake,0.65,0.84,0.11,7,automatic,hv,hv
2020-01-21T20:00:26.420Z,35.9216667,-117.6475,0.94,0.85,ml,12,69,0.02628,0.18,ci,ci39277088,2020-01-21T20:04:09.996Z,"23km E of Little Lake, CA",earthquake,0.27,0.55,0.173,9,automatic,ci,ci
2020-01-21T19:50:29.890Z,19.1170006,-155.585495,8.41,2.21,ml,40,166,0.04516,0.18,hv,hv71342117,2020-01-21T19:56:05.710Z,"14km SW of Pahala, Hawaii",earthquake,0.47,0.84,3.61,6,automatic,hv,hv
2020-01-21T19:42:17.170Z,35.6661667,-117.4988333,10.46,1.76,ml,27,54,0.06659,0.18,ci,ci39277080,2020-01-21T19:52:44.660Z,"14km SW of Searles Valley, CA",earthquake,0.29,0.57,0.235,25,automatic,ci,ci
2020-01-21T19:38:41.060Z,17.9161,-66.8886,11,2.51,md,12,220,0.0597,0.11,pr,pr2020021010,2020-01-22T03:41:13.284Z,"6km SSE of Guanica, Puerto Rico",earthquake,0.83,0.48,0.4,6,reviewed,pr,pr
2020-01-21T19:33:09.490Z,33.4981667,-116.7828333,5.97,0.32,ml,21,77,0.02037,0.13,ci,ci39277072,2020-01-22T00:27:24.008Z,"10km NE of Aguanga, CA",earthquake,0.24,0.5,0.056,7,reviewed,ci,ci
2020-01-21T19:27:50.160Z,60.1371,-150.5021,23.9,3.4,ml,,,,0.4,ak,ak020z1rezt,2020-01-22T01:07:58.936Z,"46km SSE of Sterling, Alaska",earthquake,,0.4,,,reviewed,ak,ak
2020-01-21T19:19:02.730Z,36.91983333,-99.87416667,6.96,2.75,ml,35,205,0.02789452614,0.22,ok,ok2020bmah,2020-01-21T20:29:38.540Z,"23km N of Laverne, Oklahoma",earthquake,,1,0.2,9,reviewed,ok,ok
2020-01-21T19:07:45.810Z,19.1328335,-155.5738373,6.79,2.18,ml,42,77,0.05171,0.2,hv,hv71342057,2020-01-21T19:13:19.430Z,"12km SW of Pahala, Hawaii",earthquake,0.38,0.9,4.51,4,automatic,hv,hv
2020-01-21T19:02:09.690Z,36.0476667,-117.4701667,6.34,0.13,ml,8,158,0.01842,0.11,ci,ci37433013,2020-01-22T01:44:42.152Z,"32km N of Searles Valley, CA",earthquake,0.31,0.47,0.044,2,reviewed,ci,ci
2020-01-21T19:01:43.510Z,35.6483333,-117.5636667,8.52,0.5,mh,6,161,0.02661,0.1,ci,ci39277056,2020-01-22T01:37:23.626Z,"11km ENE of Ridgecrest, CA",earthquake,0.88,0.68,,0,reviewed,ci,ci
2020-01-21T18:50:28.720Z,17.912,-66.7181,8,2.56,md,12,211,0.1721,0.26,pr,pr2020021009,2020-01-21T20:11:27.964Z,"9km S of Tallaboa, Puerto Rico",earthquake,0.97,1.52,0.31,7,reviewed,pr,pr
2020-01-21T18:38:40.780Z,33.7491667,-117.5488333,7.94,0.68,ml,12,98,0.06807,0.13,ci,ci39277048,2020-01-21T19:53:08.525Z,"10km NNE of Trabuco Canyon, CA",earthquake,0.28,0.76,0.106,7,reviewed,ci,ci
2020-01-21T18:33:10.779Z,36.90716667,-99.89516667,7.29,2.44,ml,27,175,0.04589099462,0.16,ok,ok2020blyu,2020-01-21T18:45:20.234Z,"21km N of Laverne, Oklahoma",earthquake,,0.9,0.15,13,reviewed,ok,ok
2020-01-21T18:31:49.694Z,59.6861,-136.7286,1.6,1.8,ml,,,,0.82,ak,ak020z16uat,2020-01-21T19:06:03.752Z,"83km WNW of Skagway, Alaska",earthquake,,0.6,,,automatic,ak,ak
2020-01-21T18:31:13.760Z,46.6876667,-113.1833333,-1.43,1.49,ml,15,64,0.232,0.2,mb,mb80378899,2020-01-21T19:07:18.720Z,"40km NNE of Philipsburg, Montana",earthquake,0.41,2.6,0.17,3,reviewed,mb,mb
2020-01-21T18:23:13.221Z,61.7937,-148.0208,18.6,1.7,ml,,,,0.91,ak,ak020z151oi,2020-01-21T19:06:03.129Z,"43km E of Sutton-Alpine, Alaska",earthquake,,0.2,,,automatic,ak,ak
2020-01-21T18:18:51.850Z,37.6371667,-118.8835,3.89,-0.06,md,7,107,0.01281,0.02,nc,nc73330181,2020-01-22T01:12:54.507Z,"8km E of Mammoth Lakes, CA",earthquake,0.91,1.77,0.153,7,reviewed,nc,nc
2020-01-21T18:17:59.790Z,37.4321667,-118.7065,6.59,0.77,md,14,143,0.1387,0.03,nc,nc73330176,2020-01-22T02:54:10.975Z,"10km WNW of Round Valley, CA",earthquake,0.7,3.59,0.137,12,reviewed,nc,nc
2020-01-21T18:17:50.490Z,19.2255001,-155.4418335,31.88,2.2,ml,51,118,0.04356,0.11,hv,hv71342007,2020-01-21T18:23:27.110Z,"4km ENE of Pahala, Hawaii",earthquake,0.54,0.77,5.26,3,automatic,hv,hv
2020-01-21T18:16:09.710Z,40.5569992,-124.1295013,22.21,2.88,md,17,133,0.1398,0.09,nc,nc73330171,2020-01-21T21:50:24.409Z,"3km WNW of Hydesville, CA",earthquake,0.69,0.96,0.15,15,automatic,nc,nc
2020-01-21T18:01:35.410Z,36.6763,-117.1093,13.6,0,ml,3,218.79,0.118,0.0826,nn,nn00715572,2020-01-22T02:07:38.228Z,"40km SW of Beatty, Nevada",earthquake,,5.3,0.18,2,reviewed,nn,nn
2020-01-21T18:01:20.410Z,33.8156667,-117.4831667,1.69,1.55,ml,48,32,0.03182,0.22,ci,ci39277032,2020-01-22T08:24:44.298Z,"8km SSE of Home Gardens, CA",earthquake,0.23,0.46,0.161,30,automatic,ci,ci
2020-01-21T17:58:37.620Z,35.601,-117.3986667,6.65,1.57,ml,22,112,0.05376,0.19,ci,ci39277024,2020-01-21T18:02:27.494Z,"18km S of Trona, CA",earthquake,0.41,0.69,0.247,25,automatic,ci,ci
2020-01-21T17:58:03.825Z,60.5838,-150.6682,35.1,1.6,ml,,,,0.58,ak,ak020z0r3gy,2020-01-21T18:06:08.194Z,"7km NE of Sterling, Alaska",earthquake,,1.4,,,automatic,ak,ak
2020-01-21T17:50:11.300Z,37.4275017,-118.706665,8.52,1.58,md,14,131,0.1362,0.02,nc,nc73330161,2020-01-21T18:05:02.461Z,"10km W of Round Valley, CA",earthquake,0.93,3.38,0.17,10,automatic,nc,nc
2020-01-21T17:48:59.750Z,37.434,-118.7033333,7.27,0.81,md,11,137,0.1377,0.02,nc,nc73330166,2020-01-22T02:53:09.929Z,"10km WNW of Round Valley, CA",earthquake,1.06,3.01,0.235,11,reviewed,nc,nc
2020-01-21T17:43:35.930Z,35.6796667,-117.5355,3.13,1.11,ml,18,93,0.1105,0.19,ci,ci39277016,2020-01-21T17:47:15.410Z,"14km ENE of Ridgecrest, CA",earthquake,0.36,1.64,0.141,12,automatic,ci,ci
2020-01-21T17:36:24.493Z,18.0463,-66.7517,10,3.1,ml,,76,0.027,0.65,us,us60007c8q,2020-01-22T01:38:50.783Z,"1km S of Santo Domingo, Puerto Rico",earthquake,1,1.8,0.06,36,reviewed,us,us
2020-01-21T17:09:51.731Z,61.337,-151.6545,59.3,1,ml,,,,0.45,ak,ak020z0gp39,2020-01-21T18:06:07.620Z,"74km NNW of Nikiski, Alaska",earthquake,,1,,,automatic,ak,ak
2020-01-21T17:01:54.150Z,35.6386667,-117.4333333,5.2,1.61,ml,20,98,0.1266,0.16,ci,ci39277000,2020-01-21T17:12:34.720Z,"15km S of Searles Valley, CA",earthquake,0.32,2.16,0.187,24,automatic,ci,ci
2020-01-21T16:58:20.600Z,47.5645,-113.8351667,18.74,0.12,md,7,165,0.124,0.13,mb,mb80378894,2020-01-21T18:16:03.750Z,"20km ENE of Ronan, Montana",earthquake,0.65,1.27,0.718,2,reviewed,mb,mb
2020-01-21T16:51:22.490Z,33.2038333,-115.5691667,3.18,1.56,ml,20,69,0.04701,0.21,ci,ci37433005,2020-01-21T21:19:29.566Z,"6km SW of Niland, CA",earthquake,0.28,0.42,0.168,33,reviewed,ci,ci
2020-01-21T16:51:16.120Z,33.3601667,-116.392,7.33,0.45,ml,9,105,0.069,0.14,ci,ci39276992,2020-01-21T21:55:47.768Z,"12km N of Borrego Springs, CA",earthquake,0.61,1.15,0.056,4,reviewed,ci,ci
2020-01-21T16:40:29.460Z,33.1721667,-115.6003333,7.11,0.99,ml,8,144,0.01388,0.24,ci,ci39276984,2020-01-21T16:44:18.935Z,"10km WNW of Calipatria, CA",earthquake,0.92,0.75,0.232,12,automatic,ci,ci
2020-01-21T16:39:48.337Z,62.4211,-148.4245,19.7,1.6,ml,,,,0.61,ak,ak020z01opd,2020-01-21T17:06:08.352Z,"73km NNE of Sutton-Alpine, Alaska",earthquake,,0.3,,,automatic,ak,ak
2020-01-21T16:30:41.343Z,61.385,-141.9273,16,0.7,ml,,,,0.45,ak,ak020yzzr1d,2020-01-21T18:06:06.671Z,"134km E of Chitina, Alaska",earthquake,,1.3,,,reviewed,ak,ak
2020-01-21T16:28:13.120Z,61.6895,-148.4887,30.2,1.6,ml,,,,0.57,ak,ak020yzz940,2020-01-21T17:06:07.747Z,"22km ESE of Sutton-Alpine, Alaska",earthquake,,0.1,,,automatic,ak,ak
2020-01-21T16:19:53.790Z,36.1293333,-117.7856667,5.74,1.49,ml,15,101,0.05724,0.15,ci,ci39276976,2020-01-21T16:23:38.200Z,"17km ENE of Coso Junction, CA",earthquake,0.38,0.74,0.247,20,automatic,ci,ci
2020-01-21T16:14:35.330Z,46.8813333,-112.5211667,10.15,0.13,md,8,113,0.182,0.05,mb,mb80378849,2020-01-21T16:55:16.610Z,"14km SE of Lincoln, Montana",earthquake,0.35,1.6,0.528,3,reviewed,mb,mb
2020-01-21T15:51:47.420Z,35.324,-117.8135,8.55,1.59,ml,19,57,0.06233,0.19,ci,ci39276952,2020-01-21T15:55:35.182Z,"17km WSW of Johannesburg, CA",earthquake,0.43,0.92,0.188,28,automatic,ci,ci
2020-01-21T15:50:11.360Z,35.667,-117.5028333,5.6,1.86,ml,16,82,0.1672,0.13,ci,ci39276944,2020-01-21T16:00:56.480Z,"14km SW of Searles Valley, CA",earthquake,0.26,1.71,0.144,26,automatic,ci,ci
2020-01-21T15:41:34.534Z,39.5853,-120.6773,0,1.1,ml,6,201.33,0.361,0.2005,nn,nn00715559,2020-01-22T02:07:31.012Z,"13km ENE of Downieville, California",earthquake,,0,0.14,3,reviewed,nn,nn
2020-01-21T15:20:23.740Z,38.8336678,-122.8174973,1.52,0.36,md,14,76,0.01178,0.03,nc,nc73330146,2020-01-21T15:50:02.669Z,"8km NW of The Geysers, CA",earthquake,0.26,0.55,0.26,2,automatic,nc,nc
2020-01-21T15:16:14.725Z,62.6752,-152.0248,0,1.9,ml,,,,1.23,ak,ak020yzb926,2020-01-21T16:06:03.816Z,"106km WNW of Talkeetna, Alaska",earthquake,,0.3,,,automatic,ak,ak
2020-01-21T15:12:05.772Z,67.4426,-160.8355,9.8,2.4,ml,,,,0.47,ak,ak020yzam1f,2020-01-21T18:06:05.695Z,"92km E of Noatak, Alaska",earthquake,,1.4,,,reviewed,ak,ak
2020-01-21T15:09:41.510Z,33.5908333,-116.8008333,2.19,0.57,ml,16,81,0.07826,0.15,ci,ci39276920,2020-01-21T15:13:08.920Z,"12km WNW of Anza, CA",earthquake,0.31,1.01,0.072,10,automatic,ci,ci
2020-01-21T15:08:50.640Z,37.56,-118.8775,4.65,0.29,md,11,251,0.04875,0.04,nc,nc73330141,2020-01-22T02:58:02.560Z,"12km SE of Mammoth Lakes, CA",earthquake,0.97,0.81,0.194,10,reviewed,nc,nc
2020-01-21T15:08:32.040Z,44.7313333,-112.5105,4.34,-0.12,md,4,176,0.161,0.02,mb,mb80378919,2020-01-21T19:02:11.450Z,"12km NNE of Lima, Montana",earthquake,0.59,5.99,0.077,2,reviewed,mb,mb
2020-01-21T15:01:33.270Z,19.1971664,-155.4438324,37.39,2.05,md,47,158,0.05939,0.12,hv,hv71341752,2020-01-21T15:04:37.390Z,"3km ESE of Pahala, Hawaii",earthquake,0.7,1.04,0.1,4,automatic,hv,hv
2020-01-21T14:45:00.420Z,17.8485,-66.8563,5,2.9,md,10,254,0.1286,0.15,pr,pr2020021008,2020-01-21T18:19:32.341Z,"23km SSE of Guanica, Puerto Rico",earthquake,0.65,0.42,0.19,5,reviewed,pr,pr
2020-01-21T14:42:06.950Z,34.0093333,-117.1841667,15.05,1.26,ml,34,32,0.06505,0.21,ci,ci39276912,2020-01-21T14:45:57.074Z,"5km S of Redlands, CA",earthquake,0.29,0.55,0.19,28,automatic,ci,ci
2020-01-21T14:32:49.490Z,35.9061667,-117.75,6.95,1.26,ml,13,64,0.06985,0.08,ci,ci39276896,2020-01-21T14:36:33.688Z,"14km ESE of Little Lake, CA",earthquake,0.18,0.48,0.254,18,automatic,ci,ci
2020-01-21T14:27:42.641Z,59.4376,-153.1358,96.5,2.6,ml,,,,0.42,ak,ak020yys8hc,2020-01-21T19:40:42.119Z,"82km WSW of Anchor Point, Alaska",earthquake,,0.7,,,automatic,ak,ak
2020-01-21T14:17:19.489Z,36.5345,-98.98183333,7.54,2.23,ml,37,102,0.05039011174,0.1,ok,ok2020blqh,2020-01-21T15:08:14.665Z,"22km ENE of Mooreland, Oklahoma",earthquake,,0.2,0.21,15,reviewed,ok,ok
2020-01-21T14:15:06.891Z,61.393,-150.073,34.4,1.6,ml,,,,0.53,ak,ak020yypl40,2020-01-21T15:06:03.670Z,"15km SSW of Big Lake, Alaska",earthquake,,0.2,,,automatic,ak,ak
2020-01-21T14:09:33.660Z,35.3281667,-117.8148333,7.07,2.04,ml,38,56,0.06569,0.24,ci,ci39276872,2020-01-21T14:13:29.540Z,"17km WSW of Johannesburg, CA",earthquake,0.4,1.05,0.102,25,automatic,ci,ci
2020-01-21T14:05:30.390Z,47.5668333,-113.4666667,5.98,1.03,md,14,176,0.326,0.22,mb,mb80378829,2020-01-21T14:47:05.700Z,"43km N of Seeley Lake, Montana",earthquake,0.91,31.61,0.154,11,reviewed,mb,mb
2020-01-21T13:51:43.351Z,63.184,-150.5655,117.2,1.7,ml,,,,0.4,ak,ak020yyby6s,2020-01-21T14:06:05.495Z,"84km WSW of Cantwell, Alaska",earthquake,,1.1,,,automatic,ak,ak
2020-01-21T13:45:52.449Z,61.3822,-150.045,43.6,1.4,ml,,,,0.65,ak,ak020yyaoi4,2020-01-21T14:06:04.874Z,"16km SSW of Big Lake, Alaska",earthquake,,0.7,,,automatic,ak,ak
2020-01-21T13:42:24.862Z,61.5093,-151.3425,59.1,1.9,ml,,,,0.57,ak,ak020yy9z7r,2020-01-21T14:06:04.277Z,"73km W of Big Lake, Alaska",earthquake,,0.6,,,automatic,ak,ak
2020-01-21T13:39:27.355Z,63.0971,-151.5453,13.3,1.5,ml,,,,0.76,ak,ak020yy9c9r,2020-01-21T14:06:03.688Z,"113km NW of Talkeetna, Alaska",earthquake,,0.4,,,automatic,ak,ak
2020-01-21T13:29:55.320Z,17.935,-66.869,6,2.73,md,11,211,0.251,0.28,pr,pr2020021007,2020-01-21T15:04:33.912Z,"13km SSE of Guanica, Puerto Rico",earthquake,1.16,1.19,0.3,6,reviewed,pr,pr
2020-01-21T13:25:51.240Z,59.7455,-138.8143,4.4,2.3,ml,,,,1.14,ak,ak020yy6e38,2020-01-21T14:24:20.040Z,"80km ESE of Yakutat, Alaska",earthquake,,0.3,,,automatic,ak,ak
2020-01-21T13:10:28.868Z,41.7164,75.4389,28.57,4.9,mb,,76,0.861,0.52,us,us60007c36,2020-01-21T16:30:47.543Z,"56km NW of Naryn, Kyrgyzstan",earthquake,4.9,6.5,0.168,15,reviewed,us,us
2020-01-21T12:54:35.510Z,19.2091675,-155.4211731,32.64,2.03,md,47,148,0.03598,0.1,hv,hv71341617,2020-01-21T12:57:41.740Z,"6km E of Pahala, Hawaii",earthquake,0.64,0.88,0.11,7,automatic,hv,hv
2020-01-21T12:37:18.256Z,63.4817,-148.8373,13.3,1.3,ml,,,,0.16,ak,ak020yxngj5,2020-01-21T13:06:04.137Z,"11km NNE of Cantwell, Alaska",earthquake,,0.3,,,automatic,ak,ak
2020-01-21T12:21:27.620Z,19.2113342,-155.3933258,35.96,1.95,md,33,214,0.1216,0.12,hv,hv71341587,2020-01-21T12:24:34.010Z,"9km E of Pahala, Hawaii",earthquake,0.78,0.89,0.09,5,automatic,hv,hv
2020-01-21T12:20:24.730Z,35.892,-117.6978333,7.9,0.96,ml,11,97,0.06779,0.13,ci,ci39276848,2020-01-21T12:23:57.888Z,"20km ESE of Little Lake, CA",earthquake,0.35,1.12,0.21,10,automatic,ci,ci
2020-01-21T12:17:55.243Z,60.3437,-141.0696,0,1.5,ml,,,,0.95,ak,ak020yxj932,2020-01-21T13:06:03.527Z,"81km ENE of Cape Yakataga, Alaska",earthquake,,0.4,,,automatic,ak,ak
2020-01-21T12:11:17.960Z,36.0778333,-117.8663333,4.52,1.43,ml,15,139,0.04074,0.15,ci,ci39276840,2020-01-21T12:15:07.006Z,"8km ENE of Coso Junction, CA",earthquake,0.4,0.51,0.26,19,automatic,ci,ci
2020-01-21T11:41:33.680Z,61.0589,-152.3818,105.8,1.9,ml,,,,0.76,ak,ak020yx2wyu,2020-01-21T12:06:04.791Z,"66km NNE of Redoubt Volcano, Alaska",earthquake,,0.9,,,automatic,ak,ak
2020-01-21T11:33:37.280Z,33.6601667,-116.7483333,14.07,0.7,ml,19,64,0.09031,0.17,ci,ci39276832,2020-01-21T11:37:10.177Z,"9km SSW of Idyllwild, CA",earthquake,0.37,0.75,0.2,12,automatic,ci,ci
2020-01-21T11:30:01.693Z,59.9687,-153.3226,123.4,2.1,ml,,,,1.1,ak,ak020yx0hmx,2020-01-21T12:06:04.190Z,"65km SSW of Redoubt Volcano, Alaska",earthquake,,0.9,,,automatic,ak,ak
2020-01-21T11:25:36.436Z,9.0883,-83.9955,17.77,5,mb,,132,0.883,1.54,us,us60007c1u,2020-01-22T05:19:35.990Z,"41km SSE of Quepos, Costa Rica",earthquake,4.3,4.2,0.029,375,reviewed,us,us
2020-01-21T11:24:14.490Z,38.8208351,-122.7809982,0.81,1.67,md,26,61,0.01294,0.06,nc,nc73330106,2020-01-21T11:56:03.305Z,"5km W of Cobb, CA",earthquake,0.17,0.39,0.21,7,automatic,nc,nc
2020-01-21T11:22:14.060Z,19.4273333,-155.6031667,-1.83,3.08,ml,59,34,0.02437,0.14,hv,hv71341472,2020-01-21T22:19:28.040Z,"25km E of Honaunau-Napoopoo, Hawaii",earthquake,0.19,0.3,0.145,49,reviewed,hv,hv
2020-01-21T11:17:56.086Z,60.815,-139.6749,9.3,1.5,ml,,,,0.34,ak,ak020ywxtid,2020-01-21T12:06:03.578Z,"118km W of Haines Junction, Canada",earthquake,,0.3,,,automatic,ak,ak
2020-01-21T11:16:15.710Z,35.697,-117.6053333,7.38,1.06,ml,13,109,0.0804,0.16,ci,ci39276824,2020-01-21T11:20:04.600Z,"11km NE of Ridgecrest, CA",earthquake,0.37,1.04,0.125,12,automatic,ci,ci
2020-01-21T11:15:44.420Z,46.8616667,-112.4955,13.53,1.22,ml,8,111,0.145,0.13,mb,mb80378844,2020-01-21T16:50:06.030Z,"17km SE of Lincoln, Montana",earthquake,0.49,0.63,0.073,2,reviewed,mb,mb
2020-01-21T11:13:21.230Z,34.3323333,-116.828,2.5,1.2,ml,23,78,0.01565,0.24,ci,ci39276816,2020-01-21T11:16:49.422Z,"8km N of Big Bear City, CA",earthquake,0.33,0.5,0.16,27,automatic,ci,ci
2020-01-21T11:10:20.640Z,61.4143,-147.5696,24.4,1.5,ml,,,,0.75,ak,ak020yww8s0,2020-01-21T12:06:03.000Z,"72km WNW of Valdez, Alaska",earthquake,,0.2,,,automatic,ak,ak
2020-01-21T11:03:08.304Z,0.6623,99.8304,156.23,4.6,mb,,138,1.254,0.65,us,us60007c1h,2020-01-21T11:27:05.040Z,"87km NNW of Bonjol, Indonesia",earthquake,8.7,7.5,0.103,28,reviewed,us,us
2020-01-21T10:59:01.676Z,61.219,-150.097,44.5,1.6,ml,,,,0.65,ak,ak020ywl9sn,2020-01-21T11:06:04.708Z,"10km W of Anchorage, Alaska",earthquake,,0.6,,,automatic,ak,ak
2020-01-21T10:52:36.860Z,44.7845,-111.0045,8.45,0.05,md,9,149,0.0252,0.1,uu,uu60357467,2020-01-21T14:33:26.940Z,"15km NNE of West Yellowstone, Montana",earthquake,0.9,1.38,0.405,6,reviewed,uu,uu
2020-01-21T10:49:27.936Z,59.9707,-153.1091,136.3,2,ml,,,,0.45,ak,ak020ywj6q1,2020-01-21T11:06:04.097Z,"60km SSW of Redoubt Volcano, Alaska",earthquake,,0.5,,,automatic,ak,ak
2020-01-21T10:48:37.190Z,35.6461667,-117.4623333,7.62,1.6,ml,27,56,0.05262,0.18,ci,ci39276808,2020-01-21T10:59:47.780Z,"14km SSW of Searles Valley, CA",earthquake,0.3,0.87,0.16,25,automatic,ci,ci
2020-01-21T10:38:22.010Z,18.031,-66.7906,14,2.48,md,11,151,0.1048,0.2,pr,pr2020021006,2020-01-21T21:13:21.985Z,"1km N of Guayanilla, Puerto Rico",earthquake,0.51,0.98,0.25,10,reviewed,pr,pr
2020-01-21T10:34:09.827Z,61.4544,-151.5135,100.1,1.3,ml,,,,0.41,ak,ak020ywfxie,2020-01-21T18:06:04.612Z,"83km W of Big Lake, Alaska",earthquake,,0.4,,,reviewed,ak,ak
2020-01-21T10:24:22.970Z,17.9878,-66.7438,11,3.31,md,12,188,0.136,0.22,pr,pr2020021005,2020-01-21T21:46:26.687Z,"3km SSE of Magas Arriba, Puerto Rico",earthquake,0.6,0.45,0.07,7,reviewed,pr,pr
2020-01-21T10:17:55.041Z,36.5366,140.692,50.37,4.6,mb,,135,1.968,0.58,us,us60007c0t,2020-01-22T00:13:41.084Z,"7km SSE of Hitachi, Japan",earthquake,8.2,7.3,0.084,42,reviewed,us,us
2020-01-21T10:00:59.865Z,62.9861,-151.374,0,1.9,ml,,,,1,ak,ak020yw8r12,2020-01-21T10:08:45.505Z,"98km NW of Talkeetna, Alaska",earthquake,,0.3,,,automatic,ak,ak
2020-01-21T10:00:38.850Z,38.7944984,-122.7818298,3.39,0.55,md,8,130,0.01708,0.02,nc,nc73330101,2020-01-21T10:32:02.795Z,"3km NW of The Geysers, CA",earthquake,0.55,1.39,,1,automatic,nc,nc
2020-01-21T09:49:16.408Z,17.2094,-94.438,125.73,4.8,mb,,113,2.389,0.8,us,us60007c0a,2020-01-21T12:57:38.632Z,"66km SSE of Hidalgotitlan, Mexico",earthquake,8.9,8.6,0.056,100,reviewed,us,us
